max(MURDER),STATE,DISTRICT,Year
101,"ANDHRA PRADESH",ADILABAD,2001
151,"ANDHRA PRADESH",ANANTAPUR,2001
101,"ANDHRA PRADESH",CHITTOOR,2001
80,"ANDHRA PRADESH",CUDDAPAH,2001
82,"ANDHRA PRADESH","EAST GODAVARI",2001
3,"ANDHRA PRADESH","GUNTAKAL RLY.",2001
182,"ANDHRA PRADESH",GUNTUR,2001
111,"ANDHRA PRADESH","HYDERABAD CITY",2001
162,"ANDHRA PRADESH",KARIMNAGAR,2001
93,"ANDHRA PRADESH",KHAMMAM,2001
65,"ANDHRA PRADESH",KRISHNA,2001
133,"ANDHRA PRADESH",KURNOOL,2001
157,"ANDHRA PRADESH",MAHABOOBNAGAR,2001
101,"ANDHRA PRADESH",MEDAK,2001
122,"ANDHRA PRADESH",NALGONDA,2001
89,"ANDHRA PRADESH",NELLORE,2001
106,"ANDHRA PRADESH",NIZAMABAD,2001
102,"ANDHRA PRADESH",PRAKASHAM,2001
214,"ANDHRA PRADESH","RANGA REDDY",2001
6,"ANDHRA PRADESH","SECUNDERABAD RLY.",2001
38,"ANDHRA PRADESH",SRIKAKULAM,2001
53,"ANDHRA PRADESH",VIJAYAWADA,2001
2,"ANDHRA PRADESH","VIJAYAWADA RLY.",2001
58,"ANDHRA PRADESH","VISAKHA RURAL",2001
22,"ANDHRA PRADESH",VISAKHAPATNAM,2001
33,"ANDHRA PRADESH",VIZIANAGARAM,2001
158,"ANDHRA PRADESH",WARANGAL,2001
77,"ANDHRA PRADESH","WEST GODAVARI",2001
2602,"ANDHRA PRADESH",TOTAL,2001
11,"ARUNACHAL PRADESH",CHANGLANG,2001
3,"ARUNACHAL PRADESH","DIBANG VALLEY",2001
3,"ARUNACHAL PRADESH","KAMENG EAST",2001
4,"ARUNACHAL PRADESH","KAMENG WEST",2001
16,"ARUNACHAL PRADESH",LOHIT,2001
11,"ARUNACHAL PRADESH","PAPUM PARE",2001
7,"ARUNACHAL PRADESH","SIANG EAST",2001
1,"ARUNACHAL PRADESH","SIANG UPPER",2001
5,"ARUNACHAL PRADESH","SIANG WEST",2001
8,"ARUNACHAL PRADESH","SUBANSIRI LOWER",2001
4,"ARUNACHAL PRADESH","SUBANSIRI UPPER",2001
2,"ARUNACHAL PRADESH",TAWANG,2001
8,"ARUNACHAL PRADESH",TIRAP,2001
83,"ARUNACHAL PRADESH",TOTAL,2001
64,ASSAM,BARPETA,2001
45,ASSAM,BONGAIGAON,2001
0,ASSAM,C.I.D.,2001
52,ASSAM,CACHAR,2001
61,ASSAM,DARRANG,2001
15,ASSAM,DHEMAJI,2001
65,ASSAM,DHUBRI,2001
110,ASSAM,DIBRUGARH,2001
13,ASSAM,G.R.P.,2001
28,ASSAM,GOALPARA,2001
53,ASSAM,GOLAGHAT,2001
71,ASSAM,"GUWAHATI CITY",2001
18,ASSAM,HAILAKANDI,2001
40,ASSAM,JORHAT,2001
37,ASSAM,KAMRUP,2001
65,ASSAM,"KARBI ANGLONG",2001
32,ASSAM,KARIMGANJ,2001
87,ASSAM,KOKRAJHAR,2001
26,ASSAM,LAKHIMPUR,2001
20,ASSAM,MORIGAON,2001
17,ASSAM,N.C.HILLS,2001
95,ASSAM,NAGAON,2001
79,ASSAM,NALBARI,2001
11,ASSAM,R.P.O.,2001
59,ASSAM,SIBSAGAR,2001
86,ASSAM,SONITPUR,2001
107,ASSAM,TINSUKIA,2001
1356,ASSAM,TOTAL,2001
47,BIHAR,ARARIA,2001
37,BIHAR,ARWAL,2001
74,BIHAR,AURANGABAD,2001
34,BIHAR,BAGAHA,2001
93,BIHAR,BANKA,2001
124,BIHAR,BEGUSARAI,2001
66,BIHAR,BETTIAH,2001
41,BIHAR,BHABHUA,2001
128,BIHAR,BHAGALPUR,2001
135,BIHAR,BHOJPUR,2001
56,BIHAR,BUXAR,2001
53,BIHAR,DARBHANGA,2001
200,BIHAR,GAYA,2001
107,BIHAR,GOPALGANJ,2001
7,BIHAR,"JAMALPUR RLY.",2001
67,BIHAR,JAMUI,2001
73,BIHAR,JEHANABAD,2001
60,BIHAR,KATIHAR,2001
7,BIHAR,"KATIHAR RLY.",2001
72,BIHAR,KHAGARIA,2001
25,BIHAR,KISHANGANJ,2001
61,BIHAR,LAKHISARAI,2001
56,BIHAR,MADHEPURA,2001
35,BIHAR,MADHUBANI,2001
114,BIHAR,MOTIHARI,2001
51,BIHAR,MUNGER,2001
153,BIHAR,MUZAFFARPUR,2001
13,BIHAR,"MUZAFFARPUR RLY.",2001
208,BIHAR,NALANDA,2001
36,BIHAR,NAUGACHIA,2001
77,BIHAR,NAWADAH,2001
434,BIHAR,PATNA,2001
24,BIHAR,"PATNA RLY.",2001
104,BIHAR,PURNEA,2001
127,BIHAR,ROHTAS,2001
36,BIHAR,SAHARSA,2001
107,BIHAR,SAMASTIPUR,2001
137,BIHAR,SARAN,2001
28,BIHAR,SHEIKHPURA,2001
18,BIHAR,SHEOHAR,2001
51,BIHAR,SITAMARHI,2001
116,BIHAR,SIWAN,2001
41,BIHAR,SUPAUL,2001
110,BIHAR,VAISHALI,2001
3643,BIHAR,TOTAL,2001
13,CHHATTISGARH,BALRAMPUR,2001
99,CHHATTISGARH,BILASPUR,2001
9,CHHATTISGARH,BIZAPUR,2001
83,CHHATTISGARH,DANTEWARA,2001
14,CHHATTISGARH,DHAMTARI,2001
76,CHHATTISGARH,DURG,2001
2,CHHATTISGARH,"GRP RAIPUR",2001
80,CHHATTISGARH,JAGDALPUR,2001
48,CHHATTISGARH,JANJGIR,2001
37,CHHATTISGARH,JASHPUR,2001
31,CHHATTISGARH,KANKER,2001
19,CHHATTISGARH,KAWARDHA,2001
33,CHHATTISGARH,KORBA,2001
35,CHHATTISGARH,KORIYA,2001
18,CHHATTISGARH,MAHASAMUND,2001
50,CHHATTISGARH,RAIGARH,2001
92,CHHATTISGARH,RAIPUR,2001
36,CHHATTISGARH,RAJNANDGAON,2001
105,CHHATTISGARH,SARGUJA,2001
880,CHHATTISGARH,TOTAL,2001
22,GOA,"NORTH GOA",2001
14,GOA,"SOUTH GOA",2001
36,GOA,TOTAL,2001
90,GUJARAT,"AHMEDABAD COMMR.",2001
26,GUJARAT,"AHMEDABAD RURAL",2001
6,GUJARAT,AHWA-DANG,2001
41,GUJARAT,AMRELI,2001
28,GUJARAT,ANAND,2001
37,GUJARAT,BHARUCH,2001
64,GUJARAT,BHAVNAGAR,2001
36,GUJARAT,DAHOD,2001
25,GUJARAT,GANDHINAGAR,2001
55,GUJARAT,HIMATNAGAR,2001
48,GUJARAT,JAMNAGAR,2001
56,GUJARAT,JUNAGADH,2001
42,GUJARAT,"KHEDA NORTH",2001
34,GUJARAT,KUTCH,2001
28,GUJARAT,MEHSANA,2001
16,GUJARAT,NARMADA,2001
26,GUJARAT,NAVSARI,2001
52,GUJARAT,PALANPUR,2001
56,GUJARAT,PANCHMAHAL,2001
24,GUJARAT,PATAN,2001
15,GUJARAT,PORBANDAR,2001
29,GUJARAT,"RAJKOT COMMR.",2001
30,GUJARAT,"RAJKOT RURAL",2001
98,GUJARAT,"SURAT COMMR.",2001
62,GUJARAT,"SURAT RURAL",2001
38,GUJARAT,SURENDRANAGAR,2001
34,GUJARAT,"VADODARA COMMR.",2001
71,GUJARAT,"VADODARA RURAL",2001
44,GUJARAT,VALSAD,2001
15,GUJARAT,W.RLY,2001
1226,GUJARAT,TOTAL,2001
26,HARYANA,AMBALA,2001
40,HARYANA,BHIWANI,2001
68,HARYANA,FARIDABAD,2001
18,HARYANA,FATEHABAD,2001
24,HARYANA,GRP,2001
69,HARYANA,GURGAON,2001
45,HARYANA,HISSAR,2001
48,HARYANA,JHAJJAR,2001
37,HARYANA,JIND,2001
33,HARYANA,KAITHAL,2001
42,HARYANA,KARNAL,2001
20,HARYANA,KURUKSHETRA,2001
26,HARYANA,MAHENDRAGARH,2001
12,HARYANA,PANCHKULA,2001
43,HARYANA,PANIPAT,2001
21,HARYANA,REWARI,2001
57,HARYANA,ROHTAK,2001
37,HARYANA,SIRSA,2001
73,HARYANA,SONIPAT,2001
42,HARYANA,YAMUNANAGAR,2001
781,HARYANA,TOTAL,2001
8,"HIMACHAL PRADESH",BILASPUR,2001
13,"HIMACHAL PRADESH",CHAMBA,2001
1,"HIMACHAL PRADESH",G.R.P.,2001
2,"HIMACHAL PRADESH",HAMIRPUR,2001
24,"HIMACHAL PRADESH",KANGRA,2001
5,"HIMACHAL PRADESH",KINNAUR,2001
13,"HIMACHAL PRADESH",KULLU,2001
1,"HIMACHAL PRADESH",LAHAUL-SPITI,2001
18,"HIMACHAL PRADESH",MANDI,2001
14,"HIMACHAL PRADESH",SHIMLA,2001
3,"HIMACHAL PRADESH",SIRMAUR,2001
11,"HIMACHAL PRADESH",SOLAN,2001
6,"HIMACHAL PRADESH",UNA,2001
119,"HIMACHAL PRADESH",TOTAL,2001
74,"JAMMU & KASHMIR",ANANTNAG,2001
25,"JAMMU & KASHMIR",AWANTIPORA,2001
144,"JAMMU & KASHMIR",BARAMULLA,2001
6,"JAMMU & KASHMIR",BORDER,2001
78,"JAMMU & KASHMIR",BUDGAM,2001
0,"JAMMU & KASHMIR","CRIME JAMMU",2001
0,"JAMMU & KASHMIR","CRIME SRINAGAR",2001
104,"JAMMU & KASHMIR",DODA,2001
24,"JAMMU & KASHMIR",GANDERBAL,2001
27,"JAMMU & KASHMIR",JAMMU,2001
0,"JAMMU & KASHMIR",KARGIL,2001
16,"JAMMU & KASHMIR",KATHUA,2001
39,"JAMMU & KASHMIR",KULGAM,2001
141,"JAMMU & KASHMIR",KUPWARA,2001
3,"JAMMU & KASHMIR",LEH,2001
100,"JAMMU & KASHMIR",POONCH,2001
46,"JAMMU & KASHMIR",PULWAMA,2001
1,"JAMMU & KASHMIR",RAILWAYS,2001
76,"JAMMU & KASHMIR",RAJOURI,2001
51,"JAMMU & KASHMIR",RAMBAN,2001
36,"JAMMU & KASHMIR",REASI,2001
63,"JAMMU & KASHMIR",SRINAGAR,2001
21,"JAMMU & KASHMIR",UDHAMPUR,2001
1075,"JAMMU & KASHMIR",TOTAL,2001
70,JHARKHAND,BOKARO,2001
109,JHARKHAND,CHAIBASA,2001
40,JHARKHAND,CHATRA,2001
47,JHARKHAND,DEOGHAR,2001
97,JHARKHAND,DHANBAD,2001
11,JHARKHAND,"DHANBAD RLY.",2001
63,JHARKHAND,DUMKA,2001
32,JHARKHAND,GARHWA,2001
63,JHARKHAND,GIRIDIH,2001
61,JHARKHAND,GODDA,2001
136,JHARKHAND,GUMLA,2001
76,JHARKHAND,HAZARIBAGH,2001
81,JHARKHAND,JAMSHEDPUR,2001
4,JHARKHAND,"JAMSHEDPUR RLY.",2001
22,JHARKHAND,JAMTARA,2001
21,JHARKHAND,KODERMA,2001
54,JHARKHAND,LATEHAR,2001
33,JHARKHAND,LOHARDAGGA,2001
31,JHARKHAND,PAKUR,2001
73,JHARKHAND,PALAMU,2001
243,JHARKHAND,RANCHI,2001
47,JHARKHAND,SAHEBGANJ,2001
44,JHARKHAND,SARAIKELA,2001
49,JHARKHAND,SIMDEGA,2001
1507,JHARKHAND,TOTAL,2001
59,KARNATAKA,BAGALKOT,2001
221,KARNATAKA,"BANGALORE COMMR.",2001
137,KARNATAKA,"BANGALORE RURAL",2001
120,KARNATAKA,BELGAUM,2001
58,KARNATAKA,BELLARY,2001
48,KARNATAKA,BIDAR,2001
51,KARNATAKA,BIJAPUR,2001
19,KARNATAKA,CHAMARAJNAGAR,2001
41,KARNATAKA,CHICKMAGALUR,2001
31,KARNATAKA,CHITRADURGA,2001
33,KARNATAKA,"DAKSHIN KANNADA",2001
58,KARNATAKA,DAVANAGERE,2001
16,KARNATAKA,"DHARWAD COMMR.",2001
25,KARNATAKA,"DHARWAD RURAL",2001
22,KARNATAKA,GADAG,2001
95,KARNATAKA,GULBARGA,2001
64,KARNATAKA,HASSAN,2001
24,KARNATAKA,HAVERI,2001
20,KARNATAKA,K.G.F.,2001
26,KARNATAKA,KODAGU,2001
69,KARNATAKA,KOLAR,2001
23,KARNATAKA,KOPPAL,2001
67,KARNATAKA,MANDYA,2001
32,KARNATAKA,"MYSORE COMMR.",2001
53,KARNATAKA,"MYSORE RURAL",2001
33,KARNATAKA,RAICHUR,2001
12,KARNATAKA,RAILWAYS,2001
56,KARNATAKA,SHIMOGA,2001
80,KARNATAKA,TUMKUR,2001
16,KARNATAKA,UDUPI,2001
17,KARNATAKA,"UTTAR KANNADA",2001
1626,KARNATAKA,TOTAL,2001
22,KERALA,ALAPUZHA,2001
22,KERALA,CBCID,2001
44,KERALA,ERNAKULAM,2001
33,KERALA,IDUKKI,2001
26,KERALA,KANNUR,2001
18,KERALA,KASARGOD,2001
41,KERALA,KOLLAM,2001
34,KERALA,KOTTAYAM,2001
34,KERALA,KOZHIKODE,2001
23,KERALA,MALAPPURAM,2001
45,KERALA,PALAKKAD,2001
20,KERALA,PATHANAMTHITTA,2001
0,KERALA,RAILWAYS,2001
42,KERALA,THRISSUR,2001
53,KERALA,TRIVANDRUM,2001
15,KERALA,WAYANADU,2001
472,KERALA,TOTAL,2001
56,"MADHYA PRADESH",BALAGHAT,2001
41,"MADHYA PRADESH",BARWANI,2001
56,"MADHYA PRADESH",BETUL,2001
63,"MADHYA PRADESH",BHIND,2001
61,"MADHYA PRADESH",BHOPAL,2001
5,"MADHYA PRADESH","BHOPAL RLY.",2001
54,"MADHYA PRADESH",CHHATARPUR,2001
78,"MADHYA PRADESH",CHHINDWARA,2001
43,"MADHYA PRADESH",DAMOH,2001
53,"MADHYA PRADESH",DATIYA,2001
50,"MADHYA PRADESH",DEWAS,2001
89,"MADHYA PRADESH",DHAR,2001
13,"MADHYA PRADESH",DINDORI,2001
71,"MADHYA PRADESH",GUNA,2001
84,"MADHYA PRADESH",GWALIOR,2001
14,"MADHYA PRADESH",HARDA,2001
53,"MADHYA PRADESH",HOSHANGABAD,2001
111,"MADHYA PRADESH",INDORE,2001
6,"MADHYA PRADESH","INDORE RLY.",2001
103,"MADHYA PRADESH",JABALPUR,2001
3,"MADHYA PRADESH","JABALPUR RLY.",2001
124,"MADHYA PRADESH",JHABUA,2001
51,"MADHYA PRADESH",KATNI,2001
41,"MADHYA PRADESH",KHANDWA,2001
47,"MADHYA PRADESH",KHARGON,2001
35,"MADHYA PRADESH",MANDLA,2001
28,"MADHYA PRADESH",MANDSAUR,2001
63,"MADHYA PRADESH",MORENA,2001
38,"MADHYA PRADESH",NARSINGHPUR,2001
17,"MADHYA PRADESH",NEEMUCH,2001
24,"MADHYA PRADESH",PANNA,2001
39,"MADHYA PRADESH",RAISEN,2001
42,"MADHYA PRADESH",RAJGARH,2001
58,"MADHYA PRADESH",RATLAM,2001
53,"MADHYA PRADESH",REWA,2001
84,"MADHYA PRADESH",SAGAR,2001
49,"MADHYA PRADESH",SATNA,2001
40,"MADHYA PRADESH",SEONI,2001
57,"MADHYA PRADESH",SHAHDOL,2001
42,"MADHYA PRADESH",SHAJAPUR,2001
24,"MADHYA PRADESH",SHEOPUR,2001
88,"MADHYA PRADESH",SHIVPURI,2001
36,"MADHYA PRADESH",SIDHI,2001
35,"MADHYA PRADESH",SIHORE,2001
53,"MADHYA PRADESH",TIKAMGARH,2001
84,"MADHYA PRADESH",UJJAIN,2001
19,"MADHYA PRADESH",UMARIYA,2001
47,"MADHYA PRADESH",VIDISHA,2001
2425,"MADHYA PRADESH",TOTAL,2001
97,MAHARASHTRA,AHMEDNAGAR,2001
64,MAHARASHTRA,AKOLA,2001
44,MAHARASHTRA,"AMRAVATI COMMR.",2001
72,MAHARASHTRA,"AMRAVATI RURAL",2001
36,MAHARASHTRA,"AURANGABAD COMMR.",2001
61,MAHARASHTRA,"AURANGABAD RURAL",2001
68,MAHARASHTRA,BEED,2001
32,MAHARASHTRA,BHANDARA,2001
49,MAHARASHTRA,BULDHANA,2001
49,MAHARASHTRA,CHANDRAPUR,2001
48,MAHARASHTRA,DHULE,2001
47,MAHARASHTRA,GADCHIROLI,2001
41,MAHARASHTRA,GONDIA,2001
36,MAHARASHTRA,HINGOLI,2001
83,MAHARASHTRA,JALGAON,2001
43,MAHARASHTRA,JALNA,2001
54,MAHARASHTRA,KOLHAPUR,2001
42,MAHARASHTRA,LATUR,2001
295,MAHARASHTRA,MUMBAI,2001
12,MAHARASHTRA,"MUMBAI RLY.",2001
112,MAHARASHTRA,"NAGPUR COMMR.",2001
12,MAHARASHTRA,"NAGPUR RLY.",2001
101,MAHARASHTRA,"NAGPUR RURAL",2001
80,MAHARASHTRA,NANDED,2001
44,MAHARASHTRA,NANDURBAR,2001
25,MAHARASHTRA,"NASIK COMMR.",2001
92,MAHARASHTRA,"NASIK RURAL",2001
34,MAHARASHTRA,"NAVI MUMBAI",2001
48,MAHARASHTRA,OSMANABAD,2001
49,MAHARASHTRA,PARBHANI,2001
71,MAHARASHTRA,"PUNE COMMR.",2001
4,MAHARASHTRA,"PUNE RLY.",2001
119,MAHARASHTRA,"PUNE RURAL",2001
53,MAHARASHTRA,RAIGAD,2001
17,MAHARASHTRA,RATNAGIRI,2001
85,MAHARASHTRA,SANGLI,2001
57,MAHARASHTRA,SATARA,2001
14,MAHARASHTRA,SINDHUDURG,2001
30,MAHARASHTRA,"SOLAPUR COMMR.",2001
101,MAHARASHTRA,"SOLAPUR RURAL",2001
133,MAHARASHTRA,"THANE COMMR.",2001
140,MAHARASHTRA,"THANE RURAL",2001
60,MAHARASHTRA,WARDHA,2001
29,MAHARASHTRA,WASHIM,2001
56,MAHARASHTRA,YAVATMAL,2001
2839,MAHARASHTRA,TOTAL,2001
29,MANIPUR,BISHNUPUR,2001
7,MANIPUR,CHANDEL,2001
35,MANIPUR,CHURACHANDPUR,2001
29,MANIPUR,IMPHAL(EAST),2001
44,MANIPUR,IMPHAL(WEST),2001
27,MANIPUR,SENAPATI,2001
2,MANIPUR,TAMENGLONG,2001
32,MANIPUR,THOUBAL,2001
4,MANIPUR,UKHRUL,2001
209,MANIPUR,TOTAL,2001
16,MEGHALAYA,"GARO HILLS EAST",2001
6,MEGHALAYA,"GARO HILLS SOUTH",2001
19,MEGHALAYA,"GARO HILLS WEST",2001
35,MEGHALAYA,"JAINTIA HILLS",2001
50,MEGHALAYA,"KHASI HILLS EAST",2001
16,MEGHALAYA,"KHASI HILLS WEST",2001
22,MEGHALAYA,RI-BHOI,2001
164,MEGHALAYA,TOTAL,2001
12,MIZORAM,AIZAWL,2001
2,MIZORAM,CHAMPHAI,2001
3,MIZORAM,KOLASIB,2001
2,MIZORAM,LAWNGTLAI,2001
5,MIZORAM,LUNGLEI,2001
4,MIZORAM,MAMIT,2001
2,MIZORAM,SAIHA,2001
1,MIZORAM,SERCHHIP,2001
31,MIZORAM,TOTAL,2001
36,NAGALAND,DIMAPUR,2001
1,NAGALAND,KIPHIRE,2001
25,NAGALAND,KOHIMA,2001
12,NAGALAND,MOKOKCHUNG,2001
3,NAGALAND,MON,2001
0,NAGALAND,PEREN,2001
7,NAGALAND,PHEK,2001
1,NAGALAND,TUENSANG,2001
12,NAGALAND,WOKHA,2001
4,NAGALAND,ZUNHEBOTO,2001
101,NAGALAND,TOTAL,2001
39,ODISHA,ANGUL,2001
17,ODISHA,BALASORE,2001
23,ODISHA,BARAGARH,2001
23,ODISHA,BERHAMPUR,2001
27,ODISHA,BHADRAK,2001
32,ODISHA,BOLANGIR,2001
9,ODISHA,BOUDH,2001
35,ODISHA,CUTTACK,2001
16,ODISHA,DEOGARH,2001
25,ODISHA,DHENKANAL,2001
19,ODISHA,GAJAPATI,2001
58,ODISHA,GANJAM,2001
26,ODISHA,JAGATSINGHPUR,2001
21,ODISHA,JAJPUR,2001
15,ODISHA,JHARSUGUDA,2001
29,ODISHA,KALAHANDI,2001
24,ODISHA,KANDHAMAL,2001
24,ODISHA,KENDRAPARA,2001
62,ODISHA,KEONJHAR,2001
46,ODISHA,KHURDA,2001
39,ODISHA,KORAPUT,2001
36,ODISHA,MALKANGIR,2001
74,ODISHA,MAYURBHANJ,2001
26,ODISHA,NAYAGARH,2001
19,ODISHA,NOWRANGPUR,2001
13,ODISHA,NUAPADA,2001
25,ODISHA,PURI,2001
35,ODISHA,RAYAGADA,2001
20,ODISHA,ROURKELA,2001
39,ODISHA,SAMBALPUR,2001
9,ODISHA,SONEPUR,2001
3,ODISHA,SRP(CUTTACK),2001
7,ODISHA,SRP(ROURKELA),2001
72,ODISHA,SUNDARGARH,2001
987,ODISHA,TOTAL,2001
36,PUNJAB,AMRITSAR,2001
15,PUNJAB,BARNALA,2001
18,PUNJAB,BATALA,2001
25,PUNJAB,BHATINDA,2001
12,PUNJAB,FARIDKOT,2001
16,PUNJAB,"FATEHGARH SAHIB",2001
50,PUNJAB,FEROZEPUR,2001
10,PUNJAB,G.R.P,2001
22,PUNJAB,GURDASPUR,2001
47,PUNJAB,HOSHIARPUR,2001
27,PUNJAB,JAGRAON,2001
74,PUNJAB,JALANDHAR,2001
20,PUNJAB,KAPURTHALA,2001
17,PUNJAB,KHANNA,2001
74,PUNJAB,LUDHIANA,2001
26,PUNJAB,MAJITHA,2001
25,PUNJAB,MANSA,2001
23,PUNJAB,MOGA,2001
19,PUNJAB,MUKTSAR,2001
17,PUNJAB,"NAWAN SHAHR",2001
56,PUNJAB,PATIALA,2001
26,PUNJAB,ROPAR,2001
46,PUNJAB,SANGRUR,2001
37,PUNJAB,"TARN TARAN",2001
738,PUNJAB,TOTAL,2001
39,RAJASTHAN,AJMER,2001
85,RAJASTHAN,ALWAR,2001
40,RAJASTHAN,BANSWARA,2001
36,RAJASTHAN,BARAN,2001
11,RAJASTHAN,BARMER,2001
75,RAJASTHAN,BHARATPUR,2001
34,RAJASTHAN,BHILWARA,2001
21,RAJASTHAN,BIKANER,2001
33,RAJASTHAN,BUNDI,2001
41,RAJASTHAN,CHITTORGARH,2001
26,RAJASTHAN,CHURU,2001
28,RAJASTHAN,DAUSA,2001
42,RAJASTHAN,DHOLPUR,2001
31,RAJASTHAN,DUNGARPUR,2001
3,RAJASTHAN,G.R.P.,2001
51,RAJASTHAN,GANGANAGAR,2001
56,RAJASTHAN,HANUMANGARH,2001
91,RAJASTHAN,JAIPUR,2001
9,RAJASTHAN,JAISALMER,2001
17,RAJASTHAN,JALORE,2001
38,RAJASTHAN,JHALAWAR,2001
37,RAJASTHAN,JHUNJHUNU,2001
30,RAJASTHAN,JODHPUR,2001
35,RAJASTHAN,KARAULI,2001
58,RAJASTHAN,KOTA,2001
48,RAJASTHAN,NAGAUR,2001
43,RAJASTHAN,PALI,2001
15,RAJASTHAN,RAJSAMAND,2001
23,RAJASTHAN,"SAWAI MADHOPUR",2001
46,RAJASTHAN,SIKAR,2001
31,RAJASTHAN,SIROHI,2001
19,RAJASTHAN,TONK,2001
67,RAJASTHAN,UDAIPUR,2001
1259,RAJASTHAN,TOTAL,2001
13,SIKKIM,EAST,2001
1,SIKKIM,NORTH,2001
4,SIKKIM,SOUTH,2001
1,SIKKIM,WEST,2001
19,SIKKIM,TOTAL,2001
24,"TAMIL NADU",ARIYALUR,2001
78,"TAMIL NADU",CHENGAI,2001
91,"TAMIL NADU",CHENNAI,2001
5,"TAMIL NADU","CHENNAI RLY.",2001
77,"TAMIL NADU","COIMBATORE RURAL",2001
16,"TAMIL NADU","COIMBATORE URBAN",2001
60,"TAMIL NADU",CUDDALORE,2001
88,"TAMIL NADU",DHARMAPURI,2001
72,"TAMIL NADU",DINDIGUL,2001
63,"TAMIL NADU",ERODE,2001
45,"TAMIL NADU",KANCHIPURAM,2001
33,"TAMIL NADU",KANYAKUMARI,2001
28,"TAMIL NADU",KARUR,2001
64,"TAMIL NADU","MADURAI RURAL",2001
34,"TAMIL NADU","MADURAI URBAN",2001
36,"TAMIL NADU",NAGAPATTINAM,2001
36,"TAMIL NADU",NAMAKKAL,2001
16,"TAMIL NADU",NILGIRIS,2001
10,"TAMIL NADU",PERAMBALUR,2001
30,"TAMIL NADU",PUDUKOTTAI,2001
33,"TAMIL NADU",RAMNATHAPURAM,2001
78,"TAMIL NADU","SALEM RURAL",2001
12,"TAMIL NADU","SALEM URBAN",2001
26,"TAMIL NADU",SIVAGANGAI,2001
49,"TAMIL NADU",THANJAVUR,2001
16,"TAMIL NADU",THENI,2001
74,"TAMIL NADU","THIRUNELVELI RURAL",2001
12,"TAMIL NADU","THIRUNELVELI URBAN",2001
34,"TAMIL NADU",THIRUVALLUR,2001
44,"TAMIL NADU",THIRUVANNAMALAI,2001
31,"TAMIL NADU",THIRUVARUR,2001
69,"TAMIL NADU",THOOTHUGUDI,2001
0,"TAMIL NADU","TRICHY RLY.",2001
52,"TAMIL NADU","TRICHY RURAL",2001
24,"TAMIL NADU","TRICHY URBAN",2001
78,"TAMIL NADU",VELLORE,2001
67,"TAMIL NADU",VILLUPURAM,2001
57,"TAMIL NADU",VIRUDHUNAGAR,2001
1662,"TAMIL NADU",TOTAL,2001
35,TRIPURA,DHALAI,2001
38,TRIPURA,NORTH,2001
42,TRIPURA,SOUTH,2001
125,TRIPURA,WEST,2001
240,TRIPURA,TOTAL,2001
153,"UTTAR PRADESH",AGRA,2001
229,"UTTAR PRADESH",ALIGARH,2001
167,"UTTAR PRADESH",ALLAHABAD,2001
46,"UTTAR PRADESH","AMBEDKAR NAGAR",2001
53,"UTTAR PRADESH",AURAIYA,2001
120,"UTTAR PRADESH",AZAMGARH,2001
239,"UTTAR PRADESH",BADAUN,2001
89,"UTTAR PRADESH",BAGHPAT,2001
43,"UTTAR PRADESH",BAHRAICH,2001
55,"UTTAR PRADESH",BALLIA,2001
26,"UTTAR PRADESH",BALRAMPUR,2001
75,"UTTAR PRADESH",BANDA,2001
88,"UTTAR PRADESH",BARABANKI,2001
272,"UTTAR PRADESH",BAREILLY,2001
48,"UTTAR PRADESH",BASTI,2001
124,"UTTAR PRADESH",BIJNOR,2001
250,"UTTAR PRADESH",BULANDSHAHAR,2001
35,"UTTAR PRADESH",CHANDOLI,2001
28,"UTTAR PRADESH","CHITRAKOOT DHAM",2001
48,"UTTAR PRADESH",DEORIA,2001
240,"UTTAR PRADESH",ETAH,2001
82,"UTTAR PRADESH",ETAWAH,2001
77,"UTTAR PRADESH",FAIZABAD,2001
120,"UTTAR PRADESH",FATEHGARH,2001
132,"UTTAR PRADESH",FATEHPUR,2001
135,"UTTAR PRADESH",FIROZABAD,2001
31,"UTTAR PRADESH",G.R.P.,2001
92,"UTTAR PRADESH","GAUTAMBUDH NAGAR",2001
230,"UTTAR PRADESH",GHAZIABAD,2001
46,"UTTAR PRADESH",GHAZIPUR,2001
68,"UTTAR PRADESH",GONDA,2001
96,"UTTAR PRADESH",GORAKHPUR,2001
66,"UTTAR PRADESH",HAMIRPUR,2001
182,"UTTAR PRADESH",HARDOI,2001
86,"UTTAR PRADESH",HATHRAS,2001
112,"UTTAR PRADESH",J.P.NAGAR,2001
83,"UTTAR PRADESH",JALAUN,2001
56,"UTTAR PRADESH",JAUNPUR,2001
76,"UTTAR PRADESH",JHANSI,2001
66,"UTTAR PRADESH",KANNAUJ,2001
85,"UTTAR PRADESH","KANPUR DEHAT",2001
210,"UTTAR PRADESH","KANPUR NAGAR",2001
77,"UTTAR PRADESH",KAUSHAMBI,2001
172,"UTTAR PRADESH",KHIRI,2001
69,"UTTAR PRADESH","KUSHI NAGAR",2001
25,"UTTAR PRADESH",LALITPUR,2001
166,"UTTAR PRADESH",LUCKNOW,2001
39,"UTTAR PRADESH",MAHARAJGANJ,2001
56,"UTTAR PRADESH",MAHOBA,2001
136,"UTTAR PRADESH",MAINPURI,2001
125,"UTTAR PRADESH",MATHURA,2001
49,"UTTAR PRADESH",MAU,2001
275,"UTTAR PRADESH",MEERUT,2001
44,"UTTAR PRADESH",MIRZAPUR,2001
213,"UTTAR PRADESH",MORADABAD,2001
324,"UTTAR PRADESH",MUZAFFARNAGAR,2001
115,"UTTAR PRADESH",PILIBHIT,2001
76,"UTTAR PRADESH",PRATAPGARH,2001
87,"UTTAR PRADESH",RAIBAREILLY,2001
89,"UTTAR PRADESH",RAMPUR,2001
101,"UTTAR PRADESH",SAHARANPUR,2001
16,"UTTAR PRADESH","SANT KABIRNAGAR",2001
196,"UTTAR PRADESH",SHAHJAHANPUR,2001
35,"UTTAR PRADESH",SHRAWASTI,2001
13,"UTTAR PRADESH",SIDHARTHNAGAR,2001
162,"UTTAR PRADESH",SITAPUR,2001
33,"UTTAR PRADESH",SONBHADRA,2001
21,"UTTAR PRADESH",ST.RAVIDASNAGAR,2001
103,"UTTAR PRADESH",SULTANPUR,2001
147,"UTTAR PRADESH",UNNAO,2001
78,"UTTAR PRADESH",VARANASI,2001
7601,"UTTAR PRADESH",TOTAL,2001
18,UTTARAKHAND,ALMORA,2001
10,UTTARAKHAND,BAGESHWAR,2001
13,UTTARAKHAND,CHAMOLI,2001
3,UTTARAKHAND,CHAMPAWAT,2001
32,UTTARAKHAND,DEHRADUN,2001
94,UTTARAKHAND,HARIDWAR,2001
36,UTTARAKHAND,NAINITAL,2001
26,UTTARAKHAND,"PAURI GARHWAL",2001
8,UTTARAKHAND,PITHORAGARH,2001
5,UTTARAKHAND,"RUDRA PRAYAG",2001
7,UTTARAKHAND,"TEHRI GARHWAL",2001
54,UTTARAKHAND,"UDHAMSINGH NAGAR",2001
10,UTTARAKHAND,UTTARKASHI,2001
316,UTTARAKHAND,TOTAL,2001
202,"WEST BENGAL","24 PARGANAS NORTH",2001
107,"WEST BENGAL","24 PARGANAS SOUTH",2001
9,"WEST BENGAL",ASANSOL,2001
35,"WEST BENGAL",BANKURA,2001
76,"WEST BENGAL",BIRBHUM,2001
133,"WEST BENGAL",BURDWAN,2001
37,"WEST BENGAL",COOCHBEHAR,2001
25,"WEST BENGAL","DAKSHIN DINAJPUR",2001
46,"WEST BENGAL",DARJEELING,2001
81,"WEST BENGAL",HOOGHLY,2001
28,"WEST BENGAL",HOWRAH,2001
21,"WEST BENGAL","HOWRAH CITY",2001
18,"WEST BENGAL","HOWRAH G.R.P.",2001
152,"WEST BENGAL",JALPAIGURI,2001
65,"WEST BENGAL",KOLKATA,2001
55,"WEST BENGAL",MALDA,2001
120,"WEST BENGAL",MIDNAPUR,2001
130,"WEST BENGAL",MURSHIDABAD,2001
124,"WEST BENGAL",NADIA,2001
69,"WEST BENGAL",PURULIA,2001
23,"WEST BENGAL","SEALDAH G.R.P.",2001
2,"WEST BENGAL","SILIGURI G.R.P.",2001
36,"WEST BENGAL","UTTAR DINAJPUR",2001
1594,"WEST BENGAL",TOTAL,2001
13,"A & N ISLANDS",ANDAMAN,2001
0,"A & N ISLANDS",NICOBAR,2001
13,"A & N ISLANDS",TOTAL,2001
15,CHANDIGARH,CHANDIGARH,2001
15,CHANDIGARH,TOTAL,2001
3,"D & N HAVELI","D and N HAVELI",2001
3,"D & N HAVELI",TOTAL,2001
6,"DAMAN & DIU",DAMAN,2001
1,"DAMAN & DIU",DIU,2001
7,"DAMAN & DIU",TOTAL,2001
29,"DELHI UT",CENTRAL,2001
547,"DELHI UT","DELHI UT TOTAL",2001
56,"DELHI UT",EAST,2001
11,"DELHI UT",G.R.P.(RLY),2001
2,"DELHI UT","I.G.I. AIRPORT",2001
11,"DELHI UT","NEW DELHI",2001
28,"DELHI UT",NORTH,2001
62,"DELHI UT","NORTH EAST",2001
134,"DELHI UT","NORTH WEST",2001
0,"DELHI UT",S.T.F.,2001
83,"DELHI UT",SOUTH,2001
61,"DELHI UT","SOUTH WEST",2001
70,"DELHI UT",WEST,2001
1,LAKSHADWEEP,LAKSHADWEEP,2001
1,LAKSHADWEEP,TOTAL,2001
25,PUDUCHERRY,PONDICHERRY,2001
25,PUDUCHERRY,TOTAL,2001
100,"ANDHRA PRADESH",ADILABAD,2002
166,"ANDHRA PRADESH",ANANTAPUR,2002
105,"ANDHRA PRADESH",CHITTOOR,2002
91,"ANDHRA PRADESH",CUDDAPAH,2002
97,"ANDHRA PRADESH","EAST GODAVARI",2002
0,"ANDHRA PRADESH","GUNTAKAL RLY.",2002
143,"ANDHRA PRADESH",GUNTUR,2002
117,"ANDHRA PRADESH","HYDERABAD CITY",2002
160,"ANDHRA PRADESH",KARIMNAGAR,2002
106,"ANDHRA PRADESH",KHAMMAM,2002
92,"ANDHRA PRADESH",KRISHNA,2002
124,"ANDHRA PRADESH",KURNOOL,2002
171,"ANDHRA PRADESH",MAHABOOBNAGAR,2002
103,"ANDHRA PRADESH",MEDAK,2002
109,"ANDHRA PRADESH",NALGONDA,2002
84,"ANDHRA PRADESH",NELLORE,2002
93,"ANDHRA PRADESH",NIZAMABAD,2002
67,"ANDHRA PRADESH",PRAKASHAM,2002
214,"ANDHRA PRADESH","RANGA REDDY",2002
12,"ANDHRA PRADESH","SECUNDERABAD RLY.",2002
27,"ANDHRA PRADESH",SRIKAKULAM,2002
39,"ANDHRA PRADESH",VIJAYAWADA,2002
3,"ANDHRA PRADESH","VIJAYAWADA RLY.",2002
54,"ANDHRA PRADESH","VISAKHA RURAL",2002
20,"ANDHRA PRADESH",VISAKHAPATNAM,2002
28,"ANDHRA PRADESH",VIZIANAGARAM,2002
131,"ANDHRA PRADESH",WARANGAL,2002
69,"ANDHRA PRADESH","WEST GODAVARI",2002
2525,"ANDHRA PRADESH",TOTAL,2002
9,"ARUNACHAL PRADESH",CHANGLANG,2002
6,"ARUNACHAL PRADESH","DIBANG VALLEY",2002
3,"ARUNACHAL PRADESH","KAMENG EAST",2002
3,"ARUNACHAL PRADESH","KAMENG WEST",2002
14,"ARUNACHAL PRADESH",LOHIT,2002
3,"ARUNACHAL PRADESH","PAPUM PARE",2002
3,"ARUNACHAL PRADESH","SIANG EAST",2002
0,"ARUNACHAL PRADESH","SIANG UPPER",2002
4,"ARUNACHAL PRADESH","SIANG WEST",2002
8,"ARUNACHAL PRADESH","SUBANSIRI LOWER",2002
5,"ARUNACHAL PRADESH","SUBANSIRI UPPER",2002
0,"ARUNACHAL PRADESH",TAWANG,2002
3,"ARUNACHAL PRADESH",TIRAP,2002
61,"ARUNACHAL PRADESH",TOTAL,2002
43,ASSAM,BARPETA,2002
47,ASSAM,BONGAIGAON,2002
0,ASSAM,C.I.D.,2002
57,ASSAM,CACHAR,2002
31,ASSAM,DARRANG,2002
30,ASSAM,DHEMAJI,2002
60,ASSAM,DHUBRI,2002
97,ASSAM,DIBRUGARH,2002
6,ASSAM,G.R.P.,2002
24,ASSAM,GOALPARA,2002
57,ASSAM,GOLAGHAT,2002
60,ASSAM,"GUWAHATI CITY",2002
26,ASSAM,HAILAKANDI,2002
37,ASSAM,JORHAT,2002
34,ASSAM,KAMRUP,2002
41,ASSAM,"KARBI ANGLONG",2002
43,ASSAM,KARIMGANJ,2002
62,ASSAM,KOKRAJHAR,2002
26,ASSAM,LAKHIMPUR,2002
23,ASSAM,MORIGAON,2002
25,ASSAM,N.C.HILLS,2002
78,ASSAM,NAGAON,2002
47,ASSAM,NALBARI,2002
0,ASSAM,R.P.O.,2002
75,ASSAM,SIBSAGAR,2002
109,ASSAM,SONITPUR,2002
115,ASSAM,TINSUKIA,2002
1253,ASSAM,TOTAL,2002
61,BIHAR,ARARIA,2002
44,BIHAR,ARWAL,2002
96,BIHAR,AURANGABAD,2002
27,BIHAR,BAGAHA,2002
100,BIHAR,BANKA,2002
138,BIHAR,BEGUSARAI,2002
100,BIHAR,BETTIAH,2002
48,BIHAR,BHABHUA,2002
107,BIHAR,BHAGALPUR,2002
147,BIHAR,BHOJPUR,2002
60,BIHAR,BUXAR,2002
72,BIHAR,DARBHANGA,2002
218,BIHAR,GAYA,2002
69,BIHAR,GOPALGANJ,2002
6,BIHAR,"JAMALPUR RLY.",2002
56,BIHAR,JAMUI,2002
73,BIHAR,JEHANABAD,2002
67,BIHAR,KATIHAR,2002
14,BIHAR,"KATIHAR RLY.",2002
66,BIHAR,KHAGARIA,2002
30,BIHAR,KISHANGANJ,2002
67,BIHAR,LAKHISARAI,2002
50,BIHAR,MADHEPURA,2002
66,BIHAR,MADHUBANI,2002
97,BIHAR,MOTIHARI,2002
63,BIHAR,MUNGER,2002
130,BIHAR,MUZAFFARPUR,2002
18,BIHAR,"MUZAFFARPUR RLY.",2002
175,BIHAR,NALANDA,2002
35,BIHAR,NAUGACHIA,2002
69,BIHAR,NAWADAH,2002
472,BIHAR,PATNA,2002
29,BIHAR,"PATNA RLY.",2002
96,BIHAR,PURNEA,2002
132,BIHAR,ROHTAS,2002
39,BIHAR,SAHARSA,2002
119,BIHAR,SAMASTIPUR,2002
100,BIHAR,SARAN,2002
33,BIHAR,SHEIKHPURA,2002
10,BIHAR,SHEOHAR,2002
54,BIHAR,SITAMARHI,2002
117,BIHAR,SIWAN,2002
43,BIHAR,SUPAUL,2002
99,BIHAR,VAISHALI,2002
3712,BIHAR,TOTAL,2002
30,CHHATTISGARH,BALRAMPUR,2002
56,CHHATTISGARH,BILASPUR,2002
19,CHHATTISGARH,BIZAPUR,2002
59,CHHATTISGARH,DANTEWARA,2002
16,CHHATTISGARH,DHAMTARI,2002
72,CHHATTISGARH,DURG,2002
2,CHHATTISGARH,"GRP RAIPUR",2002
70,CHHATTISGARH,JAGDALPUR,2002
43,CHHATTISGARH,JANJGIR,2002
54,CHHATTISGARH,JASHPUR,2002
18,CHHATTISGARH,KABIRDHAM,2002
35,CHHATTISGARH,KANKER,2002
40,CHHATTISGARH,KORBA,2002
21,CHHATTISGARH,KORIYA,2002
15,CHHATTISGARH,MAHASAMUND,2002
56,CHHATTISGARH,RAIGARH,2002
86,CHHATTISGARH,RAIPUR,2002
51,CHHATTISGARH,RAJNANDGAON,2002
101,CHHATTISGARH,SARGUJA,2002
844,CHHATTISGARH,TOTAL,2002
18,GOA,"NORTH GOA",2002
12,GOA,"SOUTH GOA",2002
30,GOA,TOTAL,2002
222,GUJARAT,"AHMEDABAD COMMR.",2002
63,GUJARAT,"AHMEDABAD RURAL",2002
6,GUJARAT,AHWA-DANG,2002
21,GUJARAT,AMRELI,2002
48,GUJARAT,ANAND,2002
47,GUJARAT,BHARUCH,2002
59,GUJARAT,BHAVNAGAR,2002
64,GUJARAT,DAHOD,2002
31,GUJARAT,GANDHINAGAR,2002
71,GUJARAT,HIMATNAGAR,2002
39,GUJARAT,JAMNAGAR,2002
55,GUJARAT,JUNAGADH,2002
56,GUJARAT,"KHEDA NORTH",2002
35,GUJARAT,KUTCH,2002
49,GUJARAT,MEHSANA,2002
16,GUJARAT,NARMADA,2002
26,GUJARAT,NAVSARI,2002
38,GUJARAT,PALANPUR,2002
83,GUJARAT,PANCHMAHAL,2002
24,GUJARAT,PATAN,2002
7,GUJARAT,PORBANDAR,2002
35,GUJARAT,"RAJKOT COMMR.",2002
41,GUJARAT,"RAJKOT RURAL",2002
81,GUJARAT,"SURAT COMMR.",2002
78,GUJARAT,"SURAT RURAL",2002
40,GUJARAT,SURENDRANAGAR,2002
56,GUJARAT,"VADODARA COMMR.",2002
81,GUJARAT,"VADODARA RURAL",2002
39,GUJARAT,VALSAD,2002
21,GUJARAT,W.RLY,2002
1532,GUJARAT,TOTAL,2002
25,HARYANA,AMBALA,2002
35,HARYANA,BHIWANI,2002
57,HARYANA,FARIDABAD,2002
16,HARYANA,FATEHABAD,2002
25,HARYANA,GRP,2002
66,HARYANA,GURGAON,2002
52,HARYANA,HISSAR,2002
41,HARYANA,JHAJJAR,2002
33,HARYANA,JIND,2002
26,HARYANA,KAITHAL,2002
39,HARYANA,KARNAL,2002
31,HARYANA,KURUKSHETRA,2002
21,HARYANA,MAHENDRAGARH,2002
7,HARYANA,PANCHKULA,2002
46,HARYANA,PANIPAT,2002
21,HARYANA,REWARI,2002
63,HARYANA,ROHTAK,2002
43,HARYANA,SIRSA,2002
82,HARYANA,SONIPAT,2002
31,HARYANA,YAMUNANAGAR,2002
760,HARYANA,TOTAL,2002
11,"HIMACHAL PRADESH",BILASPUR,2002
15,"HIMACHAL PRADESH",CHAMBA,2002
0,"HIMACHAL PRADESH",G.R.P.,2002
8,"HIMACHAL PRADESH",HAMIRPUR,2002
28,"HIMACHAL PRADESH",KANGRA,2002
2,"HIMACHAL PRADESH",KINNAUR,2002
8,"HIMACHAL PRADESH",KULLU,2002
2,"HIMACHAL PRADESH",LAHAUL-SPITI,2002
5,"HIMACHAL PRADESH",MANDI,2002
15,"HIMACHAL PRADESH",SHIMLA,2002
9,"HIMACHAL PRADESH",SIRMAUR,2002
7,"HIMACHAL PRADESH",SOLAN,2002
13,"HIMACHAL PRADESH",UNA,2002
123,"HIMACHAL PRADESH",TOTAL,2002
86,"JAMMU & KASHMIR",ANANTNAG,2002
26,"JAMMU & KASHMIR",AWANTIPORA,2002
121,"JAMMU & KASHMIR",BARAMULLA,2002
7,"JAMMU & KASHMIR",BORDER,2002
46,"JAMMU & KASHMIR",BUDGAM,2002
1,"JAMMU & KASHMIR","CRIME JAMMU",2002
1,"JAMMU & KASHMIR","CRIME SRINAGAR",2002
105,"JAMMU & KASHMIR",DODA,2002
22,"JAMMU & KASHMIR",GANDERBAL,2002
47,"JAMMU & KASHMIR",HANDWARA,2002
23,"JAMMU & KASHMIR",JAMMU,2002
0,"JAMMU & KASHMIR",KARGIL,2002
15,"JAMMU & KASHMIR",KATHUA,2002
41,"JAMMU & KASHMIR",KULGAM,2002
56,"JAMMU & KASHMIR",KUPWARA,2002
6,"JAMMU & KASHMIR",LEH,2002
84,"JAMMU & KASHMIR",POONCH,2002
55,"JAMMU & KASHMIR",PULWAMA,2002
2,"JAMMU & KASHMIR",RAILWAYS,2002
97,"JAMMU & KASHMIR",RAJOURI,2002
62,"JAMMU & KASHMIR",RAMBAN,2002
45,"JAMMU & KASHMIR",REASI,2002
86,"JAMMU & KASHMIR",SRINAGAR,2002
14,"JAMMU & KASHMIR",UDHAMPUR,2002
1048,"JAMMU & KASHMIR",TOTAL,2002
58,JHARKHAND,BOKARO,2002
134,JHARKHAND,CHAIBASA,2002
31,JHARKHAND,CHATRA,2002
36,JHARKHAND,DEOGHAR,2002
88,JHARKHAND,DHANBAD,2002
5,JHARKHAND,"DHANBAD RLY.",2002
67,JHARKHAND,DUMKA,2002
39,JHARKHAND,GARHWA,2002
72,JHARKHAND,GIRIDIH,2002
31,JHARKHAND,GODDA,2002
108,JHARKHAND,GUMLA,2002
86,JHARKHAND,HAZARIBAGH,2002
81,JHARKHAND,JAMSHEDPUR,2002
2,JHARKHAND,"JAMSHEDPUR RLY.",2002
18,JHARKHAND,JAMTARA,2002
30,JHARKHAND,KODERMA,2002
43,JHARKHAND,LATEHAR,2002
44,JHARKHAND,LOHARDAGGA,2002
37,JHARKHAND,PAKUR,2002
69,JHARKHAND,PALAMU,2002
270,JHARKHAND,RANCHI,2002
45,JHARKHAND,SAHEBGANJ,2002
51,JHARKHAND,SARAIKELA,2002
43,JHARKHAND,SIMDEGA,2002
1488,JHARKHAND,TOTAL,2002
51,KARNATAKA,BAGALKOT,2002
201,KARNATAKA,"BANGALORE COMMR.",2002
153,KARNATAKA,"BANGALORE RURAL",2002
113,KARNATAKA,BELGAUM,2002
62,KARNATAKA,BELLARY,2002
49,KARNATAKA,BIDAR,2002
62,KARNATAKA,BIJAPUR,2002
29,KARNATAKA,CHAMARAJNAGAR,2002
36,KARNATAKA,CHICKMAGALUR,2002
37,KARNATAKA,CHITRADURGA,2002
26,KARNATAKA,"DAKSHIN KANNADA",2002
57,KARNATAKA,DAVANAGERE,2002
17,KARNATAKA,"DHARWAD COMMR.",2002
35,KARNATAKA,"DHARWAD RURAL",2002
15,KARNATAKA,GADAG,2002
79,KARNATAKA,GULBARGA,2002
74,KARNATAKA,HASSAN,2002
18,KARNATAKA,HAVERI,2002
14,KARNATAKA,K.G.F.,2002
35,KARNATAKA,KODAGU,2002
73,KARNATAKA,KOLAR,2002
19,KARNATAKA,KOPPAL,2002
61,KARNATAKA,MANDYA,2002
22,KARNATAKA,"MYSORE COMMR.",2002
62,KARNATAKA,"MYSORE RURAL",2002
59,KARNATAKA,RAICHUR,2002
14,KARNATAKA,RAILWAYS,2002
53,KARNATAKA,SHIMOGA,2002
58,KARNATAKA,TUMKUR,2002
